{
    "background-color": "@color-34",
    "text-color": "@color-3",
    "highlight-text-color": "@color-4",
    "shadow-color": "@color-11",
    "box-border-color": "@color-3",
    "highlight-box-border-color": "@color-4",
    "handle-fill-color": "@color-3",
    "handle-stroke-color": "@color-3",
    "highlight-handle-fill-color": "@color-4",
    "highlight-handle-stroke-color": "@color-4",
    "inactive-background-color": "@color-27",
    "inactive-box-border-color": "@color-15",
    "inactive-handle-fill-color": "@color-15",
    "inactive-handle-stroke-color": "@color-15",
    "inactive-text-color": "@color-15"
}
