{
    "label-text-color": "#FFFFFF",
    "label-font-family": "'RobotoLight', sans-serif",
    "handle-background-color": "lighten(#353535, 35%)",
    "handle-shadow-color": "rgba(0, 0, 0, 0.2)",
    "off-handle-box-background-color": "lighten(#353535, 15%)",
    "off-handle-box-border-color": "darken(#FBFBFB, 20%)",
    "off-text-color": "#FFFFFF",
    "on-handle-box-background-color": "#00ABF0",
    "on-handle-box-border-color": "darken(#00ABF0, 11.2%)",
    "on-text-color": "#FFFFFF",
    "handle-box-label-font-family": "'RobotoLight', sans-serif",
    "inactive-handle-background-color": "darken(#DCDCDC, 8%)",
    "inactive-handle-box-background-color": "lighten(#3C3C3C, 24.4%)",
    "inactive-label-text-color": "darken(#DCDCDC, 17%)"
}