{
    "value-background-color": "@color-34",
    "highlight-value-border-color": "@color-4",
    "value-border-color": "@color-8",
    "value-text-color": "@color-3",
    "unit-text-color": "@color-5",
    "label-text-color": "@color-3",
    "value-selection-background-color": "@color-4",
    "value-selection-text-color": "@color-3",
    "label-font-family": "@font-family-1",
    "value-font-family": "@font-family-1",
    "unit-font-family": "@font-family-1",
    "inactive-value-background-color": "@color-27",
    "inactive-value-border-color": "@color-34",
    "inactive-label-text-color": "@color-15",
    "inactive-value-text-color": "@color-15",
    "inactive-unit-text-color": "@color-15"
}
