{
    "text-color": "#FFFFFF",
    "service-color": "#9bc628",
    "warning-color": "#F29E28",
    "alarm-color": "#E80000",
    "service-shadow": "0px 0px 10px 0px #9bc628",
    "warning-shadow": "0px 0px 10px 0px #F29E28",
    "alarm-shadow": "0px 0px 10px 0px #E80000",
    "service-icon": "url('../pics/system/controls/alarm-info/ico_service_outline.svg')",
    "warning-icon": "url('../pics/system/controls/alarm-info/ico_warning_outline.svg')",
    "alarm-icon": "url('../pics/system/controls/alarm-info/ico_alarm_outline.svg')"
}