{
    "text-color": "@color-3",
    "service-color": "@color-32",
    "warning-color": "@color-13",
    "alarm-color": "@color-14",
    "service-shadow": "0px 0px 10px 0px @service-color",
    "warning-shadow": "0px 0px 10px 0px @warning-color",
    "alarm-shadow": "0px 0px 10px 0px @alarm-color",
    "service-icon": "url('../pics/system/controls/alarm-info/ico_service_outline.svg')",
    "warning-icon": "url('../pics/system/controls/alarm-info/ico_warning_outline.svg')",
    "alarm-icon": "url('../pics/system/controls/alarm-info/ico_alarm_outline.svg')"
}
