{
    "transparent-background-color": "fadeout(#121212, 40%)",
    "content-background-color": "fadeout(#FBFBFB, 20%)",
    "header-background-color": "#919191",
    "header-text-color": "#FFFFFF",
    "header-button-background-color": "#919191",
    "footer-button-background-color": "#FFFFFF",
    "highlight-footer-button-background-color": "#00ABF0",
    "footer-button-border-color": "darken(#FBFBFB, 20%)",
    "footer-button-text-color": "#353535",
    "highlight-footer-button-text-color": "#353535",
    "close-icon": "url('../pics/system/controls/dialog-box/close.svg')",
    "dialog-title-font-family": "'RobotoMedium', sans-serif"
}